{
  "IcoMoonType": "selection",
  "icons": [
    {
      "icon": {
        "paths": [
          "M946.634 878.894l-843.17-843.166c-19.732-19.732-50.893-20.562-69.602-1.853s-17.88 49.87 1.853 69.603l843.168 843.168c19.731 19.731 50.893 20.561 69.605 1.854 18.707-18.707 17.877-49.869-1.854-69.605z",
          "M885 41.867l-843.167 843.171c-19.732 19.731-20.562 50.893-1.853 69.6 18.709 18.712 49.87 17.882 69.602-1.854l843.169-843.167c19.731-19.732 20.561-50.893 1.854-69.603-18.712-18.709-49.869-17.88-69.605 1.853z"
        ],
        "attrs": [
          {
            "fill": "rgb(255, 255, 255)"
          },
          {
            "fill": "rgb(255, 255, 255)"
          }
        ],
        "isMulticolor": false,
        "isMulticolor2": false,
        "grid": 0,
        "tags": [
          "icon-cross"
        ]
      },
      "attrs": [
        {
          "fill": "rgb(255, 255, 255)"
        },
        {
          "fill": "rgb(255, 255, 255)"
        }
      ],
      "properties": {
        "order": 6,
        "id": 1,
        "name": "icon-cross",
        "prevSize": 32
      },
      "setIdx": 0,
      "setId": 3,
      "iconIdx": 0
    },
    {
      "icon": {
        "paths": [
          "M1476 455.105h-1416c-33.138 0-60 25.469-60 56.889s26.862 56.888 60 56.888h1416c33.139 0 60-25.469 60-56.888s-26.861-56.889-60-56.889z",
          "M1476 0h-1416c-33.138 0-60 25.469-60 56.889s26.862 56.889 60 56.889h1416c33.139 0 60-25.469 60-56.889s-26.861-56.889-60-56.889z",
          "M1476 910.221h-1416c-33.138 0-60 25.472-60 56.89s26.862 56.89 60 56.89h1416c33.139 0 60-25.472 60-56.89s-26.861-56.89-60-56.89z"
        ],
        "attrs": [
          {
            "fill": "rgb(255, 255, 255)"
          },
          {
            "fill": "rgb(255, 255, 255)"
          },
          {
            "fill": "rgb(255, 255, 255)"
          }
        ],
        "width": 1536,
        "isMulticolor": false,
        "isMulticolor2": false,
        "grid": 0,
        "tags": [
          "icon-menu"
        ]
      },
      "attrs": [
        {
          "fill": "rgb(255, 255, 255)"
        },
        {
          "fill": "rgb(255, 255, 255)"
        },
        {
          "fill": "rgb(255, 255, 255)"
        }
      ],
      "properties": {
        "order": 7,
        "id": 0,
        "name": "icon-menu",
        "prevSize": 32
      },
      "setIdx": 0,
      "setId": 3,
      "iconIdx": 1
    }
  ],
  "height": 1024,
  "preferences": {
    "showGlyphs": true,
    "showQuickUse": true,
    "showQuickUse2": true,
    "showSVGs": true,
    "fontPref": {
      "prefix": "icon-",
      "metadata": {
        "fontFamily": "icomoon"
      },
      "metrics": {
        "emSize": 1024,
        "baseline": 6.25,
        "whitespace": 50
      },
      "embed": false
    },
    "imagePref": {
      "prefix": "",
      "png": false,
      "useClassSelector": true,
      "color": 0,
      "bgColor": 16777215,
      "classSelector": ".icon",
      "name": "icomoon",
      "height": 32,
      "columns": 16,
      "margin": 16
    },
    "historySize": 50,
    "showCodes": true,
    "gridSize": 16
  }
}